originating_id; orig_longitude; orig_latitude
1;-8.415928;40.208028
2;-8.4071653;40.2076992
3;-8.4016985;40.2071709
4;-8.414993;40.196118
5;-8.409627;40.210683
6;-8.409632;40.215906
