{
    "comercio": {
        "time": 5.880518229446155,
        "busTime": 1.150590697767452,
        "walkTime": 4.729927531678703,
        "pois": "7",
        "id": "7",
        "score": 1.1903712779850155
    },
    "educacao": {
        "time": 6.650868805338069,
        "busTime": 1.920941273659367,
        "walkTime": 4.729927531678703,
        "pois": "2",
        "id": "0",
        "score": 0.3007125923751158
    },
    "infraestrutura": {
        "time": 6.615703807367128,
        "busTime": 1.885776275688425,
        "walkTime": 4.729927531678703,
        "pois": "4",
        "id": "1",
        "score": 0.6046219898094096
    },
    "lazer": {
        "time": 10.272822741989895,
        "busTime": 5.542895210311193,
        "walkTime": 4.729927531678703,
        "pois": "2",
        "id": "0",
        "score": 0.19468845615578007
    },
    "saude": {
        "time": 6.818441913606171,
        "busTime": 2.088514381927468,
        "walkTime": 4.729927531678703,
        "pois": "2",
        "id": "0",
        "score": 0.2933221438770357
    }
}